كد كالا	نام كالا	طبقه خصوصيت سري محصول	توان	موقعیت ترمینال	ترمینال DC یوپی اس	اندازه حداکثر سرسیم ترمینال DC	ترمینال AC ورودی یوپی اس	اندازه حداکثر سرسیم ترمینال AC ورودی	ترمینال AC خروجی یوپی اس	اندازه حداکثر سرسیم ترمینال AC خروجی	وزن خالص	وزن با بسته بندی	ابعاد دستگاه ارتفاع(mm)	ابعاد دستگاه مقابل(mm)	ابعاد دستگاه کنار(mm)	ابعاد بسته بندی           (L-W-H)	جریان شارژر	SNMP بیرونی	SNMP داخلی	خروجی DC  یوپی اس	امکان پارالل 	کیت پارالل	 Maintenance Bypass	EPO	Cold Start	تعداد فاز ورودی	تعداد فاز خروجی	تعداد باتری	Power Factor	تعداد باتری	Power Factor	تعداد باتری		تعداد باتری	Power Factor	تعداد باتری	Power Factor	تعداد باتری	Power Factor	تعداد باتری	Power Factor	تعداد باتری	Power Factor	تعداد باتری	Power Factor	تعداد باتری	Power Factor	تعداد باتری	Power Factor
501010870001720	UPS Spider Net+ 30KVA Version 02	Spider Net+	30	جلو	پیچی 6	25*8	پیچی 6	25*8	پیچی 6	25*8	195	215	1060	360	660	780-470-1232	27	بزودی	KPM550-S	2	دارد	کيت پارالل 012	دارد	دارد	دارد	3	3	32	0.8																				
5010105402323	UPS Uranus 120KVA version 02	Uranus	120	پشت	پیچی 10	70*12	پیچی 10	70*12	پیچی 10	70*12	162	180	1200	440	880	1010-560-1380	40	بزودی	KPM550-U	3	دارد	کيت پارالل 011	دارد	دارد	دارد	3	3	30	0.8	32	0.9	34	0.9	36	0.9	38	0.9	40	0.9	42	0.9	44	0.9	46	0.9	48	0.9	50	0.9
5010109400023	UPS Spider Net 2+ 120KVA	Spider Net 2+	120	جلو	پیچی 8	70*12	پیچی 8	70*12	پیچی 8	70*12	695	735	1600	790	900	1031-883-1800	0	بزودی	KPM550-S	2	دارد	کيت پارالل 012	دارد	دارد	دارد	3	3	32	0.8																				
5010105402322	UPS Uranus 100KVA version 02	Uranus	100	پشت	پیچی 10	70*12	پیچی 10	70*12	پیچی 10	70*12	151	186	1200	450	880	1010-560-1380	40	بزودی	KPM550-U	3	دارد	کيت پارالل 011	دارد	دارد	دارد	3	3	30	0.8	32	0.9	34	0.9	36	0.9	38	0.9	40	0.9	42	0.9	44	0.9	46	0.9	48	0.9	50	0.9
5010603529	UPS SLC CUBE3+ 200KVA	SLC CUBE3+	200	جلو	پیچی 10	70*12	پیچی 10	70*12	پیچی 10	70*12			1900	900	850	910-990-2113	0	ندارد	SNMP/WEB ADAPTER CARD GX5	3	دارد		دارد	دارد	ندارد	3	3	62	0.9																				
5010109400022	UPS Spider Net 2+ 100KVA	Spider Net 2+	100	جلو	پیچی 8	70*12	پیچی 8	70*12	پیچی 8	70*12	نداریم	نداریم	1600	790	900	1031-883-1800	0	بزودی	KPM550-S	2	دارد	کيت پارالل 012	دارد	دارد	دارد	3	3	32	0.8																				
5010105400021	UPS Uranus 80KVA	Uranus	80	پشت	پیچی 8	70*12	پیچی 8	70*12	پیچی 8 	70*12	123	150	870	360	870	965-495-1070	40	بزودی	KPM550-U	3	دارد		دارد	دارد	دارد	3	3	32	0.9	34	0.9	36	0.9	38	0.9	40	0.9												
5010603524	UPS SLC CUBE3+ 160KVA	SLC CUBE3+	160	جلو	نداریم	نداریم	نداریم	نداریم	نداریم	نداریم	نداریم	نداریم				910-990-2113	0	ندارد	SNMP/WEB ADAPTER CARD GX5	3	دارد		دارد	دارد	ندارد	3	3	62	0.9																				
5010109400021	UPS Spider Net 2+ 80KVA	Spider Net 2+	80	جلو	پیچی 8	70*12	پیچی 8	70*12	پیچی 8	70*12	475	510	1400	720	690	845-805-1581	0	بزودی	KPM550-S	2	دارد	کيت پارالل 012	دارد	دارد	دارد	3	3	32	0.8																				
5010105402320	UPS Uranus 60KVA version 02	Uranus	60	پشت	پیچی 10	70*12	پیچی 8	70*12	پیچی 8	70*12	84	26	870	250	880	928-358-935	20	بزودی	KPM550-U	3	دارد	کيت پارالل 011	دارد	دارد	دارد	3	3	30	0.8	32	0.9	34	0.9	36	0.9	38	0.9	40	0.9	42	0.9	44	0.9	46	0.9	48	0.9	50	0.9
5010109400020	UPS Spider Net 2+ 60KVA	Spider Net 2+	60	جلو	پیچی 8	70*12	پیچی 8	70*12	پیچی 8	70*12	420	455	1400	730	690	845-805-1581	0	بزودی	KPM550-S	2	دارد	کيت پارالل 012	دارد	دارد	دارد	3	3	32	0.8																				
5010105402417	UPS Uranus 30KVA version 03	Uranus	30	پشت	پیچی 8	70*12	پیچی 6	25*8	پیچی 6	25*8	43	50	660	250	630	690-330-699	20	بزودی	KPM550-U	3	دارد	کيت پارالل 005	دارد	دارد	دارد	3	3	16	0.9	18	0.9	20	0.9																
5010109400018	UPS Spider Net 2+ 40KVA	Spider Net 2+	40	جلو	پیچی 6	25*8	پیچی 6	25*8	پیچی 6	25*8	230	255	1100	430	830	952-550-1285	36	بزودی	KPM550-S	2	دارد	کيت پارالل 012	دارد	دارد	دارد	3	3	32	0.8																				
5010105402416	UPS Uranus 20KVA version 03	Uranus	20	پشت	پیچی 6	25*8	پیچی 6	25*8	پیچی 6	25*8	40.5	48.5	660	250	630	690-330-699	18	بزودی	KPM550-U	3	دارد	کيت پارالل 005	دارد	دارد	دارد	3	3	16	0.9	18	0.9	20	0.9																
40100310	UPS Classic 6KVA	Classic	6	پشت	"کابل با
سرسیم 16x8"	0	پیچی 5	6*6	پیچی 5	6*6	70	67	550	240	610	720-310-690	4.5	ندارد	ندارد	2	ندارد		دارد	ندارد	دارد	1	1	4	0.7																				
5010200700006	UPS Excel 2KVA	Excel	2	پشت	نداریم	نداریم	نداریم	نداریم	نداریم	نداریم	نداریم	نداریم				نداریم	0	ندارد	ندارد	2	ندارد		ندارد	ندارد	دارد	1	1	4	0.7																				
5010100916	UPS Luminance 20KVA	Luminance	20	پشت	پیچی 8	70*12	پیچی 8	70*12	پیچی 8	70*12	52	67	730	280	570	660-665-815	0	DY522-LF	CP504	2	دارد		ندارد	ندارد	دارد	1	1	20	0.8																				
5011608000018	UPS Innova 40KVA	Innova	40	پشت	پیچی 6	25*6	پیچی 6	25*6	پیچی 6	25*6	110	120	1250	430	980	1000-482-1360	4	ندارد	ندارد	3	ندارد		دارد	دارد	دارد	3	3	40	1																				
5010200700039	UPS Excel 1600VA	Excel	1.6	پشت	نداریم	نداریم	نداریم	نداریم	نداریم	نداریم	نداریم	نداریم				نداریم	0	ندارد	ندارد	2	ندارد		ندارد	ندارد	دارد	1	1	2	0.7																				
40108900005	UPS Classic2+ 1500VA	Classic2+	1.5	پشت	"کابل با
سرسیم 10x8"	0	کابل برق 2 شاخ	0	پریز	0	18	19	200	190	510	560-245-272	4	ندارد	ندارد	2	ندارد		ندارد	ندارد	دارد	1	1	2	0.7																				
40108900007	UPS Classic2+ 3KVA	Classic2+	3	پشت	"کابل با
سرسیم 10x8"	0	کابل برق 2 شاخ	0	پریز	0	32.7	32.85	440	220	470	520-272-422	4.5	ندارد	ندارد	2	ندارد		ندارد	ندارد	دارد	1	1	4	0.7																				
5010106102313	UPS Genesis-A 31 10KVA version 02	Genesis-A 31	10	پشت	پیچی 4	6*4	پیچی 4	6*4	پیچی 4	6*4	23	26	450	220	560	674-318-543	14	DY522-LF	CP504	3	دارد	کيت پارالل 004	دارد	دارد	دارد	3	1	16	0.9	18	0.9	20	0.9																
5010109200013	UPS Genesis B+ 10KVA	Genesis B+	10	پشت	پیچی 4	6*4	پیچی 4	6*4	پیچی 4	6*4	13	15	330	190	500	563-275-446	10	DY522-LF	CP504	3	دارد	کيت پارالل 007	ندارد	دارد	دارد	1	1	16	0.9	18	0.9	20	0.9																
5010105402313	UPS Uranus 10KVA version 02	Uranus	10	پشت	پیچی 5	16*6	پیچی 5	16*6	پیچی 5	16*6	35.1	43.1	660	250	630	690-330-699	14	بزودی	KPM550-U	3	دارد	کيت پارالل 005	دارد	دارد	دارد	3	3	16	0.9	18	0.9	20	0.9																
5010107100013	UPS New Super Nova 10KVA	New Super Nova	10	پشت		0	0	0	0	0	109	119				692-400-938	0	DY522-LF	ندارد	2	ندارد		ندارد	ندارد	دارد	3	1	16	0.8																				
5010104600013	UPS New Eternal 10KVA	New Eternal	10	پشت	پیچی 6	25*8	پیچی 6	25*8	پیچی 6	25*8	88	98	630	250	610	692-400-938	6	DY522-LF	ندارد	2	ندارد		ندارد	ندارد	دارد	1	1	16	0.8																				
5010106100013	UPS Genesis-A 31 10KVA	Genesis-A 31	10	پشت	پیچی 4	6*4	پیچی 4	6*4	پیچی 4	6*4	32	40	450	220	560	635-350-695	14	DY522-LF	CP504	3	دارد	کيت پارالل 003	دارد	دارد	دارد	3	1	16	0.9	18	0.9	20	0.9																
5010108202213	UPS Genesis2+ RM 10KVA version 01	Genesis2+ RM	10	پشت	P75RWB	0	پیچی 5	16*6	پیچی 5	16*6	17.3	20.3	90	440	710	795-555-202	10	DY522-LF	بزودی	3	دارد	کيت پارالل 010	ندارد	دارد	دارد	1	1	16	0.9	18	0.9	20	0.9																
5010109400016	UPS Spider Net 2+ 20KVA	Spider Net 2+	20	جلو	پیچی 6	25*8	پیچی 6	25*8	پیچی 6	25*8	141	161	1060	360	660	780-470-1232	0	بزودی	KPM550-S	2	دارد	کيت پارالل 012	دارد	دارد	دارد	3	3	32	0.8																				
5010104213	UPS Genesis+ 10KVA	Genesis+	10	پشت	P45RYB	0	پیچی 6	16*6	"جک
پیچی6"	16*6	13.8	15.7	130	490	700	563-275-446	10	DY522-LF	CP504	3	دارد		ندارد	دارد	دارد	1	1	16	0.9	18	0.9	20	0.9																
5010200704	UPS Excel 1200VA	Excel	1.2	پشت		0	0	0	0	0	13	15				51-21-29	0	ندارد	ندارد	2	ندارد		ندارد	ندارد	دارد	1	1	2	0.7																				
40101302206	UPS Genesis 2KVA Version 01	Genesis	2	پشت	SB50 طوسی	0	کابل برق 2 شاخ	0	پریز	0	10.5	10.7	280	220	430	550-270-365	4.5	DY522-LF	ندارد	2	ندارد		ندارد	ندارد	دارد	1	1	4	0.8																				
40101402202	UPS Genesis-RMI 1000VA Version 01	Genesis-RMI	1	پشت	SB50 طوسی	0	جک	0	پریز	0	11.7	12	90	440	390	490-450-150	1.4	DY522-LF	ندارد	ندارد	ندارد		ندارد	ندارد	دارد	1	1	2	0.8																				
40101502202	UPS Genesis-RM 1000VA Version 01	Genesis-RM	1	پشت	SB50 طوسی	0	جک	0	پریز	0	7.35	7.4	90	440	390	490-450-150	4.5	DY522-LF	ندارد	ندارد	ندارد		ندارد	ندارد	دارد	1	1	2	0.8																				
40107200002	UPS Homa 1000VA	Homa	1	پشت	ندارد	ندارد	کابل برق 2 شاخ	0	پریز	0	11	11.45	170	140	390	44-20-23	0.8	ندارد	ندارد	2	ندارد		ندارد	ندارد	دارد	1	1	2	0.7																				
40108300005	UPS Classic+RMI 1500VA	Classic+RMI	1.5	پشت	ندارد	ندارد	0	0	0	0	25	25.3				570-510-275	0.8	ندارد	ندارد	ندارد	ندارد		ندارد	ندارد	دارد	1	1	3	0.7																				
40108800005	UPS Classic+I 1500VA	Classic+I	1.5	پشت	ندارد	ندارد	کابل برق 2 شاخ	0	پریز	0	11.8	22	200	180	410	470-240-270	0.8	ندارد	ندارد	ندارد	ندارد		ندارد	ندارد	دارد	1	1	3	0.7																				
40108900006	UPS Classic2+ 2KVA	Classic2+	2	پشت	"کابل با
سرسیم 6x8"	0	کابل برق 2 شاخ	0	پریز	0	2.705	28	440	220	470	520-272-422	4.5	ندارد	ندارد	2	ندارد		ندارد	ندارد	دارد	1	1	4	0.7																				
5010108600306	UPS Genesis2+ RMI (9AH) 2KVA	Genesis2+ RMI	2	پشت	ندارد	ندارد	نداریم	نداریم	نداریم	نداریم	نداریم	نداریم				نداریم	0	DY522-LF	بزودی	ندارد	ندارد		ندارد	دارد	دارد	1	1	4	0.9																				
5010109300006	UPS Genesis3+ 2KVA	Genesis3+	2	پشت	نداریم	نداریم	نداریم	نداریم	نداریم	نداریم	نداریم	نداریم				نداریم	0	DY522-LF	بزودی	2	ندارد		ندارد	دارد	دارد	1	1	4	0.9																				
501010420002	UPS Genesis+ 1000VA	Genesis+	1	پشت	SB50 طوسی	0	جک	0	پریز	0	5.6	6.8	210	150	390	472-208-310	6	DY522-LF	بزودی	2	ندارد		ندارد	دارد	دارد	1	1	2	0.8																				
5010105800306	UPS Genesis+I (9AH) 2KVA	Genesis+I	2	پشت	ندارد	ندارد	نداریم	نداریم	نداریم	نداریم	نداریم	نداریم				نداریم	0	DY522-LF	بزودی	ندارد	ندارد		ندارد	دارد	دارد	1	1	4	0.8																				
5010108500306	UPS Genesis2+ I (9AH) 2KVA	Genesis2+ I	2	پشت	ندارد	ندارد	0	0	0	0	16.3	17.1				472-208-310	1	DY522-LF	بزودی	ندارد	ندارد		ندارد	دارد	دارد	1	1	4	0.9																				
501010530007	UPS Genesis+ RM 3KVA	Genesis+ RM	3	پشت	SB50 طوسی	0	جک	0	"پریز
جک"	0	11	15	90	450	550	685-555-202	6	DY522-LF	بزودی	2	ندارد		ندارد	دارد	دارد	1	1	6	0.8																				
5010108202307	UPS Genesis2+ RM 3KVA version 02	Genesis2+ RM	3	پشت	نداریم	نداریم	نداریم	نداریم	نداریم	نداریم	نداریم	نداریم				نداریم	0	DY522-LF	بزودی	2	ندارد		ندارد	دارد	دارد	1	1	6	0.9																				
5010108200007	UPS Genesis2+ RM 3KVA	Genesis2+ RM	3	پشت		0	0	0	0	0	10.09	14.02				732-555-202	0	DY522-LF	بزودی	2	ندارد		ندارد	دارد	دارد	1	1	6	0.9																				
5010105700307	UPS Genesis+ RMI (9AH) 3KVA	Genesis+ RMI	3	پشت	ندارد	ندارد	نداریم	نداریم	نداریم	نداریم	نداریم	نداریم				نداریم	1	DY522-LF	بزودی	ندارد	ندارد		ندارد	دارد	دارد	1	1	6	0.8																				
5011608000016	UPS Innova 20KVA	Innova	20	پشت	پیچی 6	25*6	پیچی 6	25*6	پیچی 6	25*6	58	60	1050	300	870	890-350-1210	4	ندارد	ندارد	3	ندارد		دارد	دارد	دارد	3	3	30	1																				
40101302207	UPS Genesis 3KVA Version 01	Genesis	3	پشت	SB50 طوسی	0	کابل برق 2 شاخ	0	پریز	0	11.35	11.45	280	220	430	550-270-365	4.5	DY522-LF	ندارد	2	ندارد		ندارد	ندارد	دارد	1	1	8	0.8																				
5010104607	UPS New Eternal 3KVA	Eternal	3	پشت	پیچی 5	10*6	پیچی 5	10*6	پیچی 5	10*6	56	73	70	23	59	655-305-785	6	DY522-LF	ندارد	2	ندارد		ندارد	ندارد	دارد	1	1	8	0.8																				
5010108202210	UPS Genesis2+ RM 6KVA version 01	Genesis2+ RM	6	پشت	P75RWB	0	پیچی 4	6*4	پیچی 4	6*4	15.9	18.9	90	440	710	795-555-202	10	DY522-LF	بزودی	3	دارد	کيت پارالل 010	ندارد	دارد	دارد	1	1	16	0.9	18	0.9	20	0.9																
5010109200010	UPS Genesis B+ 6KVA	Genesis B+	6	پشت	پیچی 4	6*4	پیچی 4	6*4	پیچی 4	6*4	12	14	330	195	500	563-275-446	10	DY522-LF	CP504	3	دارد	کيت پارالل 007	ندارد	دارد	دارد	1	1	16	0.9	18	0.9	20	0.9																
5010104210	UPS Genesis+ 6KVA	Genesis+	6	پشت	P45RYB	0	پیچی 6	16*6	"جک
پیچی6"	16*6	15.9	18.8	130	490	700	795-555-202	10	DY522-LF	CP504	3	دارد		ندارد	دارد	دارد	1	1	16	0.9	18	0.9	20	0.9																
40108800002	UPS Classic+I 1000VA	Classic+I	1	پشت	ندارد	ندارد	کابل برق 2 شاخ	0	پریز	0	19	19.35	200	180	410	470-240-270	0.8	ندارد	ندارد	ندارد	ندارد		ندارد	ندارد	دارد	1	1	3	0.7																				
511060350516	UPS SLC CUBE3+ HJS 20 Without Battery	SLC CUBE3+	20	جلو	ندارد	0	0	0	0	0	150	160				1210-800-1460		ندارد	SNMP/WEB ADAPTER CARD GX5	ندارد	دارد		دارد	دارد	ندارد	3	3	62	0.9																				
5010109400013	UPS Spider Net 2+ 10KVA	Spider Net 2+	10	جلو	پیچی 6	25*8	پیچی 6	25*8	پیچی 6	25*8	135	150	1060	360	660	780-470-1232	0	بزودی	KPM550-S	2	دارد	کيت پارالل 012	دارد	دارد	دارد	3	3	32	0.8																				
501010420006	UPS Genesis+ 2KVA	Genesis+	2	پشت	SB50 طوسی	0	جک	0	"پریز
ترمینال شاخه ای"	0	10.8	12.6	340	190	470	563-275-446	6	DY522-LF	بزودی	2	ندارد		ندارد	دارد	دارد	1	1	8	0.8																				
501060350113	UPS SLC CUBE3+ B1 CO 10KVA	SLC CUBE3+	10	جلو	پیچی 5 	35*8	پیچی 6	35*8	پیچی 6	35*8	140	150	110	450	780	1210-800-1460	0	ندارد	SNMP/WEB ADAPTER CARD GX5	3	دارد		دارد	ندارد	ندارد	3	3	62	0.9																				
501010710001620	UPS New Super Nova 20KVA Version 02	New Super Nova	20	پشت	پیچی 6	25*8	پیچی 6	25*8	پیچی 6	25*8	138	148	860	310	590	699-400-938	0	DY522-LF	ندارد	2	ندارد		ندارد	ندارد	دارد	3	1	16	0.8																				
5010106102316	UPS Genesis-A 31 20KVA version 02	Genesis-A 31	20	پشت	پیچی 6	25*8	پیچی 6	25*8	پیچی 6	25*8	28	31	450	220	560	674-318-543	14	DY522-LF	CP504	3	دارد	کيت پارالل 004	دارد	دارد	دارد	3	1	16	0.9	18	0.9	20	0.9																
501010940001720	UPS Spider Net 2+ 30KVA Version 02	Spider Net 2+	30	جلو	پیچی 6	25*8	پیچی 6	25*8	پیچی 6	25*8	182	202	1060	360	660	780-470-1232	27	بزودی	KPM550-S	2	دارد	کيت پارالل 008	دارد	دارد	دارد	3	3	32	0.8																				
501010870001320	UPS Spider Net+ 10KVA Version 02	Spider Net+	10	جلو	پیچی 6	25*8	پیچی 6	25*8	پیچی 6	25*8	130	150	1060	360	660	780-470-1232	9	بزودی	KPM550-S	2	دارد	کيت پارالل 012	دارد	دارد	دارد	3	3	32	0.8																				
501010540001321	UPS Uranus 10KVA Version 03	Uranus	10	پشت	پیچی 5	16*6	پیچی 5	16*6	پیچی 5	16*6	35	42	660	250	630	690-330-669	14	بزودی	KPM550-U	3	دارد	کيت پارالل 005	دارد	دارد	دارد	3	3	16	0.9	18	0.9	20	0.9																
501010940001620	UPS Spider Net 2+ 20KVA Version 02	Spider Net 2+	20	جلو	پیچی 6	25*8	پیچی 6	25*8	پیچی 6	25*8	141	161	1060	360	660	780-470-1232	18	بزودی	KPM550-S	2	دارد	کيت پارالل 008	دارد	دارد	دارد	3	3	32	0.8																				
501010460001320	UPS New Eternal 10KVA Version 02	New Eternal	10	پشت	پیچی 6	25*8	پیچی 6	25*8	پیچی 6	25*8	68	76	630	250	510	665-380-810	6	DY522-LF	ندارد	2	ندارد		ندارد	ندارد	دارد	1	1	16	0.8																				
501010920001320	UPS Genesis B+ 10KVA Version 02	Genesis B+	10	پشت	پیچی 5	16*6	پیچی 5	16*6	پیچی 5	16*6	13	15	330	190	500	563-275-446	10	DY522-LF	CP504	3	دارد		ندارد	دارد	دارد	1	1	16	0.9	18	0.9	20	0.9																
501010870001620	UPS Spider Net+ 20KVA Version 02	Spider Net+	20	جلو	پیچی 6	25*8	پیچی 6	25*8	پیچی 6	25*8	168	188	1060	360	660	780-470-1232	18	بزودی	KPM550-S	2	دارد	کيت پارالل 012	دارد	دارد	دارد	3	3	32	0.8																				
501010920001020	UPS Genesis B+ 6KVA Version 02	Genesis B+	6	پشت	پیچی 4	6*4	پیچی 4	6*4	پیچی 4	6*4	12	14	330	190	500	563-275-446	10	DY522-LF	CP504	3	دارد		ندارد	دارد	دارد	1	1	16	0.9	18	0.9	20	0.9																
501010540001822	UPS Uranus 40KVA Version 04	Uranus	40	پشت	پیچی 8	70*12	پیچی 6	25*8	پیچی 6	25*8	45.5	53.5	660	250	630	690-330-699	20	بزودی	KPM550-U	3	دارد	کيت پارالل 005	دارد	دارد	دارد	3	3	30	0.8	32	0.9	34	0.9	36	0.9	38	0.9	40	0.9	42	0.9	44	0.9	46	0.9	48	0.9	50	0.9
501010540001722	UPS Uranus 30KVA Version 04	Uranus	30	پشت	پیچی 8	70*12	پیچی 6	25*8	پیچی 6	25*8	43.5	51.5	660	250	630	690-330-699	20	بزودی	KPM550-U	3	دارد	کيت پارالل 005	دارد	دارد	دارد	3	3	16	0.9	18	0.9	20	0.9																
501010540002021	UPS Uranus 60KVA Version 03	Uranus	60	پشت	پیچی 10	70*12	پیچی 8	70*12	پیچی 8	70*12	83	95	860	250	870	928-358-935	20	بزودی	KPM550-U	3	دارد	کيت پارالل 011	دارد	دارد	دارد	3	3	30	0.8	32	0.9	34	0.9	36	0.9	38	0.9	40	0.9	42	0.9	44	0.9	46	0.9	48	0.9	50	0.9
501010940002120	UPS Spider Net 2+ 80KVA Version 02	Spider Net 2+	80	جلو	پیچی 8	70*12	پیچی 8	70*12	پیچی 8	70*12	415	450	1400	720	690	845-805-1581	72	بزودی	KPM550-S	2	دارد	کيت پارالل 008	دارد	دارد	دارد	3	3	32	0.8																				
501010870002120	UPS Spider Net+ 80KVA Version 02	Spider Net+	80	جلو	پیچی 8	70*12	پیچی 8	70*12	پیچی 8	70*12	475	510	1400	730	690	845-805-1581	72	بزودی	KPM550-S	2	دارد	کيت پارالل 012	دارد	دارد	دارد	3	3	32	0.8																				
501010870002020	UPS Spider Net+ 60KVA Version 02	Spider Net+	60	جلو	پیچی 6	25*8	پیچی 6	25*8	پیچی 6	25*8	306	331	1100	430	840	952-550-1285	54	بزودی	KPM550-S	2	دارد	کيت پارالل 012	دارد	دارد	دارد	3	3	32	0.8																				
501010460001020	UPS New Eternal 6KVA Version 02	New Eternal	6	پشت	پیچی 5	16*6	پیچی 5	16*6	پیچی 5	16*6	47	55	630	250	51	665-380-810	0	DY522-LF	ندارد	2	ندارد		ندارد	ندارد	دارد	1	1	16	0.8																				
501010940001320	UPS Spider Net 2+ 10KVA Version 02	Spider Net 2+	10	جلو	پیچی 6	25*8	پیچی 6	25*8	پیچی 6	25*8	127	147	1060	360	660	780-470-1232	9	بزودی	KPM550-S	2	دارد	کيت پارالل 008	دارد	دارد	دارد	3	3	32	0.8																				
5010108700018	UPS Spider Net+ 40KVA	Spider Net+	40	جلو	پیچی 6	25*8	پیچی 6	25*8	پیچی 6	25*8	247	272	1100	430	840	952-550-1285	36	بزودی	KPM550-S	2	دارد	کيت پارالل 012	دارد	دارد	دارد	3	3	32	0.8																				
5010108700029	UPS Spider Net+ 200KVA	Spider Net+	200	جلو	پیچی 8	70*12	پیچی 8	70*12	پیچی 8	70*12	1275	1375	1900	1400	905	1538-1113-2150	150	ندارد	KPM550-S	2	دارد	کيت پارالل 012	دارد	دارد	دارد	3	3	32	0.9																				
501011020002219	UPS Duoble IGBT Spider Net 100KVA Version 01	Duoble IGBT Spider Net	100	جلو	پیچی 10	70*12	پیچی 10	70*12	پیچی 10	70*12	911	953	1100	430	840	1000-800-1800	0	بزودی	KPM550-S	2	ندارد		دارد	دارد	دارد	3	3	50	0.9																				
50219097170221	Stablizer Servo 30KVA Version 01	Servo	30	جلو	پیچی 6	35*8	پیچی 6	35*8	پیچی 6	35*8	70	75	1100	430	840	475-530-1015												ندارد																					
50219097200221	Stablizer Servo 60KVA Version 01	Servo	60	جلو	پیچی 6	70*12	پیچی 6	70*12	پیچی 6	70*12	150	160	1100	430	840	515-620-1315												ندارد																					
50219097350221	Stablizer Servo 45KVA Version 01	Servo	45	جلو	پیچی 6	70*12	پیچی 6	70*12	پیچی 6	70*12	140	147	1100	430	840	515-620-1315												ندارد																					
50219112130221	Stablizer SWA 10KVA Version 01	SWA	10	(دیواری) پایین	ندارد	ندارد	آسانسوری	وایرشو16	آسانسوری	وایرشو16	25	26	1100	430	840	455-350-240												ندارد																					
50219112140221	Stablizer SWA 12KVA Version 01	SWA	12	(دیواری) پایین	ندارد	ندارد	آسانسوری	وایرشو16	آسانسوری	وایرشو16	24.8	25	1100	430	840	455-350-240												ندارد																					
50219113130221	Stablizer RWA 10KVA Version 01	RWA	10	(دیواری) پایین	ندارد	ندارد	آسانسوری	وایرشو16	آسانسوری	وایرشو16	15.5	16	1100	430	840	460-358-225												ندارد																					
50219113150221	Stablizer RWA 15KVA Version 01	RWA	15	(دیواری) پایین	ندارد	ندارد	آسانسوری	وایرشو16	آسانسوری	وایرشو16	19.2	20	1100	430	840	460-358-225												ندارد																					
50219114150221	Stablizer Servo Single 15KVA Version 01	Servo Single	15	پشت		وایرشو		وایرشو		وایرشو	45	47	1100	430	840	440-340-640												ندارد																					
501010700001320	UPS Genesis-B 10KVA Version 02	Genesis-B	10	پشت	پیچی 5	6*4	پیچی 5	6*4	پیچی 5	6*4	13	15	330	190	500	553-275-446	10	DY522-LF	CP504	2	ندارد		ندارد	دارد	دارد	1	1	16	0.9	18	0.9	20	0.9																
501010700001020	UPS Genesis-B 6KVA Version 02	Genesis-B	6	پشت	پیچی 4	6*4	پیچی 4	6*4	پیچی 4	6*4	12	14	330	190	500	553-275-446	10	DY522-LF	CP504	2	ندارد		ندارد	دارد	دارد	1	1	16	0.9	18	0.9	20	0.9																
5010105402321	UPS Uranus 80KVA version 02	Uranus	80	پشت	پیچی 10	70*12	پیچی 8	70*12	پیچی 8	70*12	138	156	1200	440	880	1010-560-1380		بزودی	KPM550-U	3	دارد	کيت پارالل 011	دارد	دارد	دارد	3	3	30	0.8	32	0.9	34	0.9	36	0.9	38	0.9	40	0.9	42	0.9	44	0.9	46	0.9	48	0.9	50	0.9
501010940002320	UPS Spider Net 2+ 120KVA Version 02	Spider Net 2+	120	جلو	پیچی 8	70*12	پیچی 8	70*12	پیچی 8	70*12	611	656	1600	890	800	1031-882-1800	109.2	بزودی	KPM550-S	2	دارد	کيت پارالل 008	دارد	دارد	دارد	3	3	32	0.8																				
501011020002319	UPS Duoble IGBT Spider Net 120KVA Version 01	Duoble IGBT Spider Net	120	جلو	پیچی 10	70*12	پیچی 10	70*12	پیچی 10	70*12	911	953	1800	1000	800	1000-800-1800	0	بزودی	KPM550-S	2	ندارد	ندارد	دارد	دارد	ندارد	3	3	50	0.9																				
501011110001819	UPS Spider Net NICD 40KVA Version 01	Spider Net NICD	40	جلو	پیچی 6	25*8	پیچی 6	25*8	پیچی 6	25*8	245	270	1100	430	840	952-550-1285	36	بزودی	KPM550-S	2	دارد		دارد	دارد	دارد	3	3	270	0.9																				
501011110002019	UPS Spider Net NICD 60KVA Version 01	Spider Net NICD	60	جلو	پیچی 6	25*8	پیچی 6	25*8	پیچی 6	25*8	302	327	1100	430	840	952-550-1285	0	بزودی	KPM550-S	2	دارد		دارد	دارد	دارد	3	3	270	0.9																				
501011110001619	UPS Spider Net NICD 20KVA Version 01	Spider Net NICD	20	جلو	نداریم	نداریم	نداریم	نداریم	نداریم	نداریم	نداریم	نداریم	نداریم	نداریم	نداریم	نداریم	0	بزودی	KPM550-S	2	دارد		دارد	دارد	دارد	3	3	280	0.9																				
501011110001719	UPS Spider Net NICD 30KVA Version 01	Spider Net NICD	30	جلو	نداریم	نداریم	نداریم	نداریم	نداریم	نداریم	نداریم	نداریم	نداریم	نداریم	نداریم	نداریم	0	بزودی	KPM550-S	2	دارد		دارد	دارد	دارد	3	3	280	0.9																				
501060350118	UPS SLC CUBE3+ B1 CO 40KVA	SLC CUBE3+	40	جلو	پیچی 8												0			3						3	3	62	0.9																				
505010990002202	Euro Inverter 1000VA Version01	Euro Inverter	1	پشت		16*8	کابل برق 2 شاخ	ندارد	پریز	ندارد	2.7	3	90	225	295	135-300-355	20	ندارد	ندارد	2	ندارد	ندارد	ندارد	ندارد	ندارد	1	1	1	0.7																				
505010990002206	Euro Inverter 2KVA Version01	Euro Inverter	2	پشت	"کابل با
سرسیم 16x8"	0	شاخه ای	وایرشو 6	شاخه ای	وایرشو 6	2.75	3.2	100	225	295	140-300-335	20	ندارد	ندارد	2	ندارد	ندارد	ندارد	ندارد	دارد	1	1	2	0.8																				
5010100902	UPS Luminance 1000VA	Luminance	1	پشت	SB50 طوسی												0			2						1	1	3	0.7																				
5010100906	UPS Luminance 2KVA	Luminance	2	پشت	SB50 طوسی												0			2						1	1	8	0.7																				
5010100906007	UPS Luminance With Isolation Transformer 3KVA	Luminance	3	پشت	SB50 طوسی												0			2						1	1	8	0.7																				
501010090610	UPS Luminance With Isolation Transformer 6KVA	Luminance	6	پشت	SB50 طوسی												0			2						1	1	20	0.7																				
5010100907	UPS Luminance 3KVA	Luminance	3	پشت	SB50 طوسی												0			2						1	1	8	0.7																				
5010100910	UPS Luminance 6KVA	Luminance	6	پشت	SB50 طوسی												0			2						1	1	20	0.7																				
5010100913	UPS Luminance 10KVA	Luminance	10	پشت	SB50 طوسی												0			2						1	1	20	0.7																				
5010101102	UPS Luminance-RM 1000VA	Luminance-RM 	1	پشت	SB50 طوسی												0			2						1	1	3	0.7																				
5010101106	UPS Luminance-RM 2KVA	Luminance-RM 	2	پشت	SB50 طوسی												0			2						1	1	8	0.7																				
5010101107	UPS Luminance-RM 3KVA	Luminance-RM 	3	پشت	SB50 طوسی												0			2						1	1	8	0.7																				
5010101110	UPS Luminance-RM 6KVA	Luminance-RM 	6	پشت	SB50 طوسی												0			2						1	1	20	0.7																				
5010101113	UPS Luminance-RM 10KVA	Luminance-RM 	10	پشت	SB50 طوسی												0			2						1	1	20	0.7																				
5010101300606	UPS Genesis With Isolation Transformer 2KVA	Genesis	2	پشت	SB50 طوسی												0			2						1	1	4	0.7																				
5010101302	UPS Genesis 1000VA	Genesis	1	پشت	SB50 طوسی												0			2						1	1	2	0.7																				
5010101306	UPS Genesis 2KVA	Genesis	2	پشت	SB50 طوسی												0			2						1	1	4	0.7																				
5010101307	UPS Genesis 3KVA	Genesis	3	پشت	SB50 طوسی												0			2						1	1	6	0.7																				
5010101310	UPS Genesis 6KVA	Genesis	6	پشت	پیچی 4												0			3	دارد	کيت پارالل 006				1	1	16	0.8	18	0.8	20	0.8																
5010101313	UPS Genesis 10KVA	Genesis	10	پشت	پیچی 4												0			3	دارد	کيت پارالل 006				1	1	16	0.8	18	0.8	20	0.8																
5010101316	UPS Genesis 20KVA	Genesis	20	پشت	پیچی 4												0			3	دارد	کيت پارالل 006				3	1	16	0.8	18	0.8	20	0.8																
5010101502	UPS Genesis-RM 1000VA	Genesis-RM	1	پشت	SB50 طوسی												0			2						1	1	2	0.7																				
5010101506	UPS Genesis-RM 2KVA	Genesis-RM	2	پشت	SB50 طوسی												0			2						1	1	4	0.7																				
5010101507	UPS Genesis-RM 3KVA	Genesis-RM	3	پشت	SB50 طوسی												0			2						1	1	6	0.7																				
5010101613	UPS Genesis 31 10KVA	Genesis 31	10	پشت	پیچی 4												0			3						3	1	16	0.8	18	0.8	20	0.8																
5010101707	UPS Eternal 3KVA	Eternal	3	پشت	پیچی 4												0			2						1	1	8	0.8																				
5010101708	UPS Eternal 5KVA	Eternal	5	پشت	پیچی 6												0			2						1	1	16	0.8																				
5010101710	UPS Eternal 6KVA	Eternal	6	پشت	پیچی 6												0			2						1	1	16	0.8																				
5010101713	UPS Eternal 10KVA	Eternal	10	پشت	پیچی 6												0			2						1	1	16	0.8																				
5010101728	UPS Eternal 4KVA	Eternal	4	پشت	پیچی 6												0			2						1	1	16	0.8																				
5010101800013	UPS Super Nova 10KVA	Super Nova	10	پشت	پیچی 6												0			2						3	1	16	0.8																				
5010101913	UPS Spider Net 10KVA	Spider Net	10	جلو	وایرشو												0			2	دارد	کيت پارالل 009				3	3	32	0.8																				
5010101915	UPS Spider Net 15KVA	Spider Net	15	جلو	وایرشو												0			2	دارد	کيت پارالل 009				3	3	32	0.8																				
5010101916	UPS Spider Net 20KVA	Spider Net	20	جلو	وایرشو												0			2	دارد	کيت پارالل 009				3	3	32	0.8																				
5010101916Black	UPS Spider Net 20KVA Black	Spider Net	20	جلو	پیچی 6												0			2						3	3	32	0.8																				
5010101917	UPS Spider Net 30KVA	Spider Net	30	جلو	وایرشو												0			2	دارد	کيت پارالل 009				3	3	32	0.8																				
5010101918	UPS Spider Net 40KVA	Spider Net	40	جلو	پیچی 6												0			2	دارد	کيت پارالل 009				3	3	32	0.8																				
5010101920	UPS Spider Net 60KVA	Spider Net	60	جلو	پیچی 8												0			2	دارد	کيت پارالل 009				3	3	32	0.8																				
5010101921	UPS Spider Net 80KVA	Spider Net	80	جلو	پیچی 8												0			2	دارد	کيت پارالل 009				3	3	32	0.8																				
5010101922	UPS Spider Net 100KVA	Spider Net	100	جلو	پیچی 8												0			2	دارد	کيت پارالل 009				3	3	36	0.8																				
5010101923	UPS Spider Net 120KVA	Spider Net	120	جلو	پیچی 8												0			2	دارد	کيت پارالل 009				3	3	40	0.8																				
5010101924	UPS Spider Net 160KVA	Spider Net	160	جلو	پیچی 8												0			2	دارد	کيت پارالل 009				3	3	40	0.8																				
5010103802	UPS Micro 1000VA	Micro	1	پشت													0			2																													
501010420007	UPS Genesis+ 3KVA	Genesis+	3	پشت	SB50 طوسی												0			2						1	1	8	0.8																				
5010104600010	UPS New Eternal 6KVA	New Eternal	6	پشت	پیچی 6												0			2						1	1	16	0.8																				
501010530002	UPS Genesis+ RM 1000VA	Genesis+ RM	1	پشت	SB50 طوسی												0			2						1	1	2	0.8																				
501010530006	UPS Genesis+ RM 2KVA	Genesis+ RM	2	پشت	SB50 طوسی												0			2						1	1	4	0.8																				
5010105400013	UPS Uranus 10KVA	Uranus	10	پشت	پیچی 6												0			3						3	3	16	0.9	18	0.9	20	0.9																
5010105400016	UPS Uranus 20KVA	Uranus	20	پشت	پیچی 6												0			3						3	3	16	0.9	18	0.9	20	0.9																
5010105400017	UPS Uranus 30KVA	Uranus	30	پشت	پیچی 6												0			3						3	3	16	0.9	18	0.9	20	0.9																
5010105400018	UPS Uranus 40KVA	Uranus	40	پشت	پیچی 8												0			3						3	3	32	0.9	34	0.9	36	0.9	38	0.9	40	0.9												
5010105400020	UPS Uranus 60KVA	Uranus	60	پشت	پیچی 10												0			3						3	3	32	0.9	34	0.9	36	0.9	38	0.9	40	0.9												
5010105401613	UPS Uranus with SNMP 10KVA	Uranus	10	پشت	پیچی 6												0			3						3	3	16	0.9	18	0.9	20	0.9																
5010105401616	UPS Uranus with SNMP 20KVA	Uranus	20	پشت	پیچی 6												0			3						3	3	16	0.9	18	0.9	20	0.9																
5010105401617	UPS Uranus with SNMP 30KVA	Uranus	30	پشت	پیچی 6												0			3						3	3	16	0.9	18	0.9	20	0.9																
5010105401618	UPS Uranus with SNMP 40KVA	Uranus	40	پشت	پیچی 8												0			3						3	3	32	0.9	34	0.9	36	0.9	38	0.9	40	0.9												
5010105401620	UPS Uranus with SNMP 60KVA	Uranus	60	پشت	پیچی 10												0			3						3	3	32	0.9	34	0.9	36	0.9	38	0.9	40	0.9												
5010105401621	UPS Uranus with SNMP 80KVA	Uranus	80	پشت	پیچی 10												0			3						3	3	32	0.9	34	0.9	36	0.9	38	0.9	40	0.9												
5010105402316	UPS Uranus 20KVA version 02	Uranus	20	پشت	پیچی 6												0			3	دارد	کيت پارالل 005				3	3	16	0.9	18	0.9	20	0.9																
5010105402317	UPS Uranus 30KVA version 02	Uranus	30	پشت	پیچی 8												0			3	دارد	کيت پارالل 005				3	3	16	0.9	18	0.9	20	0.9																
5010105402318	UPS Uranus 40KVA version 02	Uranus	40	پشت	پیچی 8												0			3	دارد	کيت پارالل 005				3	3	30	0.8	32	0.9	34	0.9	36	0.9	38	0.9	40	0.9	42	0.9	44	0.9	46	0.9	48	0.9	50	0.9
5010105402418	UPS Uranus 40KVA version 03	Uranus	40	پشت	پیچی 8												0			3	دارد	کيت پارالل 005				3	3	30	0.8	32	0.9	34	0.9	36	0.9	38	0.9	40	0.9	42	0.9	44	0.9	46	0.9	48	0.9	50	0.9
5010105500017	UPS New Spider Net 30KVA	New Spider Net	30	جلو	پیچی 6												0			2						3	3	32	0.9																				
5010105500018	UPS New Spider Net 40KVA	New Spider Net	40	جلو	پیچی 6												0			2						3	3	32	0.9																				
5010105500021	UPS New Spider Net 80KVA	New Spider Net	80	جلو	پیچی 8												0			2						3	3	32	0.9																				
5010105500024	UPS New Spider Net 160KVA	New Spider Net	160	جلو	پیچی 8												0			2						3	3	32	0.9																				
5010105500029	UPS New Spider Net 200KVA	New Spider Net	200	جلو	پیچی 10												0			2						3	3	32	0.9																				
501010550013	UPS New Spider Net 10KVA	New Spider Net	10	جلو	پیچی 6												0			2						3	3	32	0.9																				
501010550016	UPS New Spider Net 20KVA	New Spider Net	20	جلو	پیچی 6												0			2						3	3	32	0.9																				
501010550020	UPS New Spider Net 60KVA	New Spider Net	60	جلو	پیچی 8												0			2						3	3	32	0.9																				
501010550022	UPS New Spider Net 100KVA	New Spider Net	100	جلو	پیچی 10												0			2						3	3	32	0.9																				
501010550026	UPS New Spider Net 300KVA	New Spider Net	300	جلو	پیچی 10												0			2						3	3	32	0.9																				
5010106100016	UPS Genesis-A 20KVA	Genesis-A 31	20	پشت	پیچی 6												0			3	دارد	کيت پارالل 003				3	1	16	0.9	18	0.9	20	0.9																
5010107000010	UPS Genesis-B 6KVA	Genesis-B	6	پشت													0			3						1	1	16	0.9	18	0.9	20	0.9																
5010107000013	UPS Genesis-B 10KVA	Genesis-B	10	پشت													0			3						1	1	16	0.9	18	0.9	20	0.9																
501010710001327	UPS New Super Nova 10KVA Version 01A	New Super Nova	10	پشت	پیچی 6												0			2						3	1	16	0.9																				
5010107100016	UPS New Super Nova 20KVA	New Super Nova	20	پشت	پیچی 6												0			2						3	1	29	0.8																				
5010107100017	UPS New Super Nova 30KVA	New Super Nova	30	پشت	پیچی 6												0			2						3	1	29	0.8																				
5010107400013	UPS Genesis-MP 10KVA	Genesis-MP	10	پشت													0									1	1	16	0.9	18	0.9	20	0.9																
5010108200002	UPS Genesis2+ RM 1000VA	Genesis2+ RM	1	پشت	SB50 طوسی												0			2						1	1	2	0.9																				
5010108200006	UPS Genesis2+ RM 2KVA	Genesis2+ RM	2	پشت	SB50 طوسی												0			2						1	1	4	0.9																				
5010108400006	UPS Genesis2+ 2KVA	Genesis2+	2	پشت	SB50 طوسی												0			2						1	1	4	0.9																				
5010108400007	UPS Genesis2+ 3KVA	Genesis2+	3	پشت	SB50 طوسی												0			2						1	1	8	0.9																				
5010108700013	UPS Spider Net+ 10KVA	Spider Net+	10	جلو	پیچی 6												0			2	دارد	کيت پارالل 012				3	3	32	0.9																				
5010108700016	UPS Spider Net+ 20KVA	Spider Net+	20	جلو	پیچی 6												0			2	دارد	کيت پارالل 012				3	3	32	0.9																				
5010108700017	UPS Spider Net+ 30KVA	Spider Net+	30	جلو	پیچی 6												0			2	دارد	کيت پارالل 012				3	3	32	0.9																				
5010108700020	UPS Spider Net+ 60KVA	Spider Net+	60	جلو	پیچی 8												0			2	دارد	کيت پارالل 012				3	3	32	0.9																				
5010108700022	UPS Spider Net+ 100KVA	Spider Net+	100	جلو	پیچی 8												0			2	دارد	کيت پارالل 012				3	3	32	0.9																				
5010108700023	UPS Spider Net+ 120KVA	Spider Net+	120	جلو	پیچی 8												0			2	دارد	کيت پارالل 012				3	3	32	0.9																				
5010108700024	UPS Spider Net+ 160KVA	Spider Net+	160	جلو	پیچی 8												0			2	دارد	کيت پارالل 012				3	3	32	0.9																				
5010109300007	UPS Genesis3+ 3KVA	Genesis3+	3	پشت	SB50 طوسی												0			2						1	1	8	0.9																				
5010109400017	UPS Spider Net 2+ 30KVA	Spider Net 2+	30	جلو	پیچی 6												0			2	دارد	کيت پارالل 012				3	3	32	0.8																				
501010940001827	UPS Spider Net 2+ 40KVA Version 01A	Spider Net 2+	40	جلو	پیچی 6												0			2	دارد	کيت پارالل 012				3	3	32	0.8																				
5010109400024	UPS Spider Net 2+ 160KVA	Spider Net 2+	160	جلو	پیچی 8												0			2	دارد	کيت پارالل 012				3	3	32	0.8																				
501010940002420	UPS Spider Net 2+ 160KVA Version 02	Spider Net 2+	160	جلو	پیچی 8	70*12	پیچی 8	70*12	پیچی 8	70*12	790	835	1600	890	800	1031-883-1800	145.6	بزودی	KPM550-S	2	دارد	کيت پارالل 008	دارد	دارد	دارد	3	3	32	0.8																				
5010109600013	UPS Genesis-AMM 10KVA	Genesis-AMM	10	پشت													0									3	1																						
5010109600016	UPS Genesis-AMM 20KVA	Genesis-AMM	20	پشت													0									3	1																						
5010201702	UPS Eternal 1000VA	Eternal	1	پشت													0			2																													
5010201707	UPS Eternal 3KVA	Eternal	3	پشت	پیچی 4												0			2						1	1		0.8																				
5010201708	UPS Eternal 5KVA	Eternal	5	پشت	پیچی 6												0			2						1	1	8	0.8																				
5010201710	UPS Eternal 6KVA	Eternal	6	پشت	پیچی 6												0			2						1	1	16	0.8																				
5010201713	UPS Eternal 10KVA	Eternal	10	پشت	پیچی 8												0			2	دارد	کيت پارالل 001				1	1	16	0.8																				
5010201813	UPS Super Nova 10KVA	Super Nova	10	جلو	پیچی 6												0			2						1	1	16	0.8																				
5010201815	UPS Super Nova 15KVA	Super Nova	15	جلو	پیچی 6												0			2	دارد	کيت پارالل 002				3	1	29	0.8																				
5010201816	UPS Super Nova 20KVA	Super Nova	20	جلو	پیچی 6	70*12											0			2						3	1	29	0.8																				
5010201817	UPS Super Nova 30KVA	Super Nova	30	جلو	پیچی 6												0			2						3	1	29	0.8																				
5010201818	UPS Super Nova 40KVA	Super Nova	40	جلو	پیچی 8												0			2						3	1	29	0.8																				
5010201819	UPS Super Nova 50KVA	Super Nova	50	جلو	پیچی 8												0			2						3	1	29	0.8																				
5010201900017	UPS Spider Net 30KVA	Spider Net	30	جلو	پیچی 6												0			2						3	1	29	0.8																				
5010201900020	UPS Spider Net 60KVA	Spider Net	60	جلو	پیچی 8												0			2						3	3	32	0.8																				
5010201900022	UPS Spider Net 100KVA	Spider Net	100	جلو	پیچی 8												0			2						3	3	32	0.8																				
5010201913	UPS Spider Net 10KVA	Spider Net	10	جلو	پیچی 6												0			2						3	3	36	0.8																				
5010201916	UPS Spider Net 20KVA	Spider Net	20	جلو	پیچی 6												0			2						3	3	32	0.8																				
5010201916Parallel	UPS Spider Net 20KVA Parallel	Spider Net	20	جلو	پیچی 6												0			2						3	3	32	0.8																				
5010201921	UPS Spider Net 80KVA	Spider Net	80	جلو	پیچی 8												0			2						3	3	32	0.8																				
5010201924	UPS Spider Net 160KVA	Spider Net	160	جلو	پیچی 8												0			2						3	3	32	0.8																				
5010206600002	UPS Genesis-KR 1000VA	Genesis-KR	1	جلو													0			2						3	3	40	0.8																				
5010206600006	UPS Genesis-KR 2KVA	Genesis-KR	2	پشت													0			2						1	1																						
5010206600007	UPS Genesis-KR 3KVA	Genesis-KR	3	پشت													0			2						1	1																						
5010206600010	UPS Genesis-KR 6KVA	Genesis-KR	6	پشت													0			2						1	1																						
5010603500213	UPS SLC CUBE3+ (7AH) 10KVA	SLC CUBE3+	10	پشت	ندارد												0			3						1	1																						
5010603500216	UPS SLC CUBE3+    (7AH)    20KVA	SLC CUBE3+	20	جلو	ندارد												0			3						3	3	62	0.9																				
5010603500217	UPS SLC CUBE3+    (7AH)    30KVA	SLC CUBE3+	30	جلو	ندارد												0			3						3	3	62	0.9																				
5010603500316	UPS SLC CUBE3+    (9AH)    20KVA	SLC CUBE3+	20	جلو	ندارد												0			3						3	3	62	0.9																				
5010603500317	UPS SLC CUBE3+    (9AH)    30KVA	SLC CUBE3+	30	جلو	ندارد												0			3						3	3	62	0.9																				
5010603500416	UPS SLC CUBE3+    (12AH)    20KVA	SLC CUBE3+	20	جلو	ندارد												0			3						3	3	62	0.9																				
5010603500417	UPS SLC CUBE3+    (12AH)    30KVA	SLC CUBE3+	30	جلو	ندارد												0			3						3	3	62	0.9																				
5010603500516	UPS SLC CUBE3+    HJS    20KVA	SLC CUBE3+	20	جلو	پیچی 6												0			3						3	3	62	0.9																				
5010603500517	UPS SLC CUBE3+    HJS    30KVA	SLC CUBE3+	30	جلو	پیچی 6												0			3						3	3	62	0.9																				
501060350116	UPS SLC CUBE3+ B1 CO 20KVA	SLC CUBE3+	20	جلو	پیچی 6												0			3						3	3	62	0.9																				
501060350117	UPS SLC CUBE3+ B1 CO 30KVA	SLC CUBE3+	30	جلو	پیچی 6												0			3						3	3	62	0.9																				
501060350120	UPS SLC CUBE3+ B1 CO 60KVA	SLC CUBE3+	60	جلو	پیچی 8	35*8											0			3						3	3	62	0.9																				
501060350121	UPS SLC CUBE3+ B1 CO 80KVA	SLC CUBE3+	80	جلو	پیچی 8												0			3						3	3	62	0.9																				
5010603501217	UPS SLC CUBE3+ NB B1 30KVA	SLC CUBE3+	30	جلو	پیچی 6												0			3						3	3	62	0.9																				
501060350123	UPS SLC CUBE3+ B1 CO 120KVA	SLC CUBE3+	120	جلو	پیچی 8												0			3						3	3	62	0.9																				
501060350718	UPS SLC CUBE3+ B B1 Transformer Based 40KVA	SLC CUBE3+	40	جلو	پیچی 6												0			3						3	3	62	0.9																				
5010603624	UPS SLC XTRA 160KVA	SLC XTRA	160	جلو													0			2						3	3	62	0.9																				
5010603626	UPS SLC XTRA 300KVA	SLC XTRA	300	جلو													0			2						3	3	50	0.9																				
5010603629	UPS SLC XTRA 200KVA	SLC XTRA	200	جلو													0			2						3	3	50	0.9																				
5010603724	UPS SLC XTRA-P 160KVA	SLC XTRA-P	160	جلو													0			2						3	3	50	0.9																				
5010604321	UPS SLC CUBE3+ P 80KVA	SLC CUBE3+ P	80	جلو	پیچی 8												0			3						3	3	50	0.9																				
501010120020221	UPS Genesis-I (7AH) 1000VA Version 03	Genesis-I	1	پشت	SB50 طوسی	0	جک	0	"پریز
ترمینال شاخه ای"	0	8.2	9.4	210	150	290	368-208-309	1	DY522-LF	بزودی	2	ندارد		ندارد	دارد	دارد	1	1	2	0.9																				
501010120020621	UPS Genesis-I (7AH) 2KVA Version 03	Genesis-I	2	پشت	SB50 طوسی	0	جک	0	"پریز
ترمینال شاخه ای"	0	18.1	20.2	330	190	460	563-275-446	1	DY522-LF	بزودی	2	ندارد		ندارد	دارد	دارد	1	1	4	0.9																				
501010120020721	UPS Genesis-I (7AH) 3KVA Version 03	Genesis-I	3	پشت	SB50 طوسی	0	جک	0	"پریز
ترمینال شاخه ای"	0	27.3	29.5	330	190	460	563-275-446	1	DY522-LF	بزودی	2	ندارد		ندارد	دارد	دارد	1	1	8	0.9																				
501010130000221	UPS Genesis 1000VA Version 03	genesis	1	پشت	SB50 طوسی	0	جک	0	پریز	0	4.3	5.4	210	150	290	368-208-309	6	DY522-LF	بزودی	2	ندارد		ندارد	دارد	دارد	1	1	2	0.9																				
501010130000621	UPS Genesis 2KVA Version 03	genesis	2	پشت	SB50 طوسی	0	جک	0	"پریز
ترمینال شاخه ای"	0	10.2	11.9	330	190	460	563-275-446	6	DY522-LF	بزودی	2	ندارد		ندارد	دارد	دارد	1	1	4	0.9																				
501010130000721	UPS Genesis 3KVA Version 03	genesis	3	پشت	SB50 طوسی	0	جک	0	"پریز
ترمینال شاخه ای"	0	10.8	12.5	330	190	460	563-275-446	6	DY522-LF	بزودی	2	ندارد		ندارد	دارد	دارد	1	1	8	0.9																				
501010140020221	UPS Genesis-RMI (7AH) 1000VA Version 03	Genesis-RMI	1	پشت	SB50 طوسی	0	جک	0	پریز	0	10.5	13.1	90	440	330	555-467-202	1	DY522-LF	بزودی	2	ندارد		ندارد	دارد	دارد	1	1	2	0.9																				
501010140020621	UPS Genesis-RMI (7AH) 2KVA Version 03	Genesis-RMI	2	پشت	SB50 طوسی	0	جک	0	پریز	0	18.2	21.3	90	440	460	595-555-202	1	DY522-LF	بزودی	2	ندارد		ندارد	دارد	دارد	1	1	4	0.9																				
501010140020721	UPS Genesis-RMI (7AH) 3KVA Version 03	Genesis-RMI	3	پشت	SB50 طوسی	0	جک	0	جک پریز	0	24.7	28.2	90	440	600	732-555-202	1	DY522-LF	بزودی	2	ندارد		ندارد	دارد	دارد	1	1	6	0.9																				
501010150000221	UPS Genesis-RM 1000VA Version 03	Genesis-RM	1	پشت	SB50 طوسی	0	جک	0	پریز	0	6.2	8.7	90	440	330	555-467-202	6	DY522-LF	بزودی	2	ندارد		ندارد	دارد	دارد	1	1	2	0.9																				
501010150000621	UPS Genesis-RM 2KVA Version 03	Genesis-RM	2	پشت	SB50 طوسی	0	جک	0	پریز	0	10.5	13.8	90	440	600	732-555-202	6	DY522-LF	بزودی	2	ندارد		ندارد	دارد	دارد	1	1	4	0.9																				
501010150000721	UPS Genesis-RM 3KVA Version 03	Genesis-RM	3	پشت	SB50 طوسی	0	جک	0	جک پریز	0	10.9	14.2	90	440	600	732-555-202	6	DY522-LF	بزودی	2	ندارد		ندارد	دارد	دارد	1	1	6	0.9																				
50219100060221	Stablizer AVR 2KVA Version 01	AVR	2	پشت	ندارد	0	کابل برق 2 شاخ	0	پریز	0	4.4	4.6	165	150	230	260-190-200																																	
501010710001320	UPS New Super Nova 10KVA Version 02	New Super Nova	10	پشت	پیچی 6	35*8	پیچی 6	35*8	پیچی 6	35*8	107	117	870	305	590	692-400-938	6	DY522-LF	ندارد	2	ندارد	ندارد	دارد	دارد	دارد	3	1	16	0.8																				
5021909717120	Stablizer Servo 30KVA Version 02	Servo	30	جلو	ندارد	0	پیچی 6	25*8	پیچی 6	25*8			870	460	420	520-480-1040																																	
50219100120221	Stablizer AVR 8KVA Version 01	AVR	8	پشت	ندارد	0	آسانسوری خاص سیم 10	سیم10	آسانسوری خاص	سیم10	12.35	13	200	230	430	500-300-260																																	
50219100080221	Stablizer AVR 5KVA Version 01	AVR	5	پشت	ندارد	0	آسانسوری خاص سیم 10	سیم10	آسانسوری خاص	سیم10	9.25	9.7	200	230	300	350-280-260																																	
5021909742120	Stablizer Servo 90KVA Version 02	Servo	90	جلو	ندارد	0	پیچی 8	70*12	پیچی 8	70*12			1350	620	520	1500-690-590																																	
501010940002020	UPS Spider Net 2+ 60KVA Version 02	Spider Net 2+	60	جلو	پیچی 6	25*8	پیچی 6	25*8	پیچی 6	25*8	301	326	1100	430	835	952-550-1285	54.5	بزودی	KPM550-S	2	دارد	کيت پارالل 008	دارد	دارد	دارد	3	3	32	0.8																				
501010940002220	UPS Spider Net 2+ 100KVA Version 02	Spider Net 2+	100	جلو	پیچی 8	70*12	پیچی 8	70*12	پیچی 8	70*12	445	480	1400	720	690	845-805-1581	91	بزودی	KPM550-S	2	دارد	کيت پارالل 008	دارد	دارد	دارد	3	3	32	0.8																				
501010940001820	UPS Spider Net 2+ 40KVA Version 02	Spider Net 2+	40	جلو	پیچی 6	25*6	پیچی 6	25*6	پیچی 6	25*6	227	252	1100	430	835	952-550-1285	36.4	ندارد	KPM550-S	2	دارد	کيت پارالل 008	دارد	دارد	دارد	3	3	32	0.8																				
5021910007121	Stablizer AVR 3KVA Version 03	AVR	3	پشت	ندارد	ندارد	آسانسوری خاص سیم 10	سیم10	آسانسوری خاص	سیم10	7.5	7.95	200	230	300	350-280-260																																	
40101502206	UPS Genesis-RM 2KVA Version 01	Genesis-RM	2	پشت	SB50 طوسی			کابل برق دوشاخ		پریز	9	10.5	90	440	445	180-490-520	4.5	DY522-LF	ندارد	2	ندارد		ندارد	ندارد	دارد	1	1	4	0.8																				
40101502207	UPS Genesis-RM 3KVA Version 01	Genesis-RM	3	پشت	SB50 طوسی			کابل برق دوشاخ		پریز	9.65	11.2	90	400	445	180-490-520	4.5	DY522-LF	ندارد	2	ندارد		ندارد	ندارد	دارد	1	1	8	0.8																				
5021911213120	Stablizer SWA 10KVA Version 02	SWA	10	(دیواری) پایین	ندارد	ندارد	آسانسوری	وایرشو16	آسانسوری	وایرشو16	21.85	22.8	225	340	420	260-460-360																																	
5021911214120	Stablizer SWA 12KVA Version 02	SWA	12	(دیواری) پایین	ندارد	ندارد	آسانسوری	وایرشو16	آسانسوری	وایرشو16	25.5	26	225	340	420	260-460-360																																	
50219097150221	Stablizer Servo 15KVA Version 01	Servo	15	جلو	ندارد	ندارد	پیچی 6	25*6	پیچی 6	25*6	42.4	52.15	820	340	380	970-410-450																																	
5021909716120	Stablizer Servo 20KVA Version 02	Servo	20	جلو	ندارد	ندارد	پیچی 6	25*6	پیچی 6	25*6	67.1	79.1	880	455	420	1020-520-480																																	
501010540002420	UPS Uranus 160KVA Version 02	Uranus	160	پشت	پیچی 10	70*12	پیچی 10	70*12	پیچی 10	70*12	192	210	1200	445	870	1010-560-1380	60		KPM550-U	3	دارد	کيت پارالل 011	دارد	دارد	دارد	3	3	30	0.8	32	0.9	34	0.9	36	0.9	38	0.9	40	0.9	42	0.9	44	0.9	46	0.9	48	0.9	50	0.9
501010130000222	UPS Genesis 1000VA Version 04	Genesis	1	پشت	SB50 طوسی	0	جک	0	پریز	0	4/300	5/600	210	145	290	368-208-309	12	DY522-LF	ندارد	2	ندارد	ندارد	ندارد	دارد	دارد	1	1	3	0.9																				
50219100130221	Stablizer AVR 10KVA Version 01	AVR	10	پشت	ندارد	ندارد	آسانسوری خاص سیم 10	سیم10	آسانسوری خاص	سیم10	13.3	13.95	200	230	430	225-295-490	ندارد	ندارد	ندارد	ندارد	ندارد	ندارد	دارد	ندارد	ندارد	1	1	ندارد	0.8																				
5021911413119	Stablizer Servo single 10KVA Version 01	Servo single	10	پشت	ندارد	ندارد	آسانسوری	سیم10	آسانسوری	سیم10	22.15	23.5	220	305	395	280-360-460	ندارد	ندارد	ندارد	ندارد	ندارد	ندارد	دارد	ندارد	ندارد	1	1	ندارد	0.8																				
5021906925120	Stablizer Servo Pillar 150KVA Version 02	Servo Pillar	150	پشت	ندارد	ندارد	پیچی 10	70*12	پیچی 10	70*12	430	450	1500	1150	900	1740-1200-980	ندارد	ندارد	ندارد	ندارد	ندارد	ندارد	دارد	ندارد	ندارد	3	3	ندارد	0.8																				
5021906929120	Stablizer Servo Pillar 200KVA Version 02	Servo Pillar	200	پشت	ندارد	ندارد	پیچی 10	70*12	پیچی 10	70*12	430	450	1500	1150	900	1680-1220-970	ندارد	ندارد	ندارد	ندارد	ندارد	ندارد	دارد	ندارد	ندارد	3	3	ندارد	0.8																				
5021906945120	Stablizer Servo Pillar 250KVA Version 01	Servo Pillar	250	پشت	ندارد	ندارد	پیچی 12	70*12	پیچی 12	70*12	430	450	1800	1200	1000	1230-1060-1980	ندارد	ندارد	ندارد	ندارد	ندارد	ندارد	دارد	ندارد	ندارد	3	3	ندارد	0.8																				
